random,value,category
ccdmbidk,2956.493774063150,B
gjokgvyu,3596.5050158143600,D
pdbtzcra,6023.5215388137800,B
ehumetkj,2769.2010291873000,D
hkstamhw,5150.57596113951,D
qqdnfbom,3054.335821711440,A
fgwmspzz,6313.623283215420,C
nytxvweb,8608.258311015840,C
vxqdvfdp,3412.7045952258000,D
ocquqiam,195.2795088259310,D
xmkoedoq,6801.873597786860,B
axkjxmmd,8013.748147081850,B
